,Month,GHG
0,1,15.48883741604404
1,2,11.384587418790113
2,3,16.468095451255493
3,4,10.421836821945597
4,5,15.653123226432992
5,6,16.664116139803895
6,7,19.721500530521944
7,8,17.261195739610734
8,9,14.567710978895654
9,10,19.84816432548658
10,11,15.179477360323915
11,12,18.907827585775212
